OMH,ONKCHhJmjadoA,D,GeACHiN,nnmiN
CGfDKB,NIl,JnnmjadnmiNL,KB,dmiM
fENL,Jn,opEMIkdmiOMFckep,MIj,bgIjadnn
fENLEOMIkbhLDK,B,LF,gGeBFaeAC,iLEO
IkdoAAC,hKpD,opENJ,opDLENLDJoAAABFP,iNJnmjPbhL
Ik,jPbhKCHhJn,fDKCHhIkeAABEM,kdnlh,DKACIl
HgGdoABEMIjP,adlhKCGf,MG,mjPbgIjbgG,DKCHjONKCHi
JopEOMG,ABFcjPbhKCH,OMIlgHhIlfCIk,lhKpDLEPbf,MG
DKBENKACImi,EPaepE,LEPPbgI,bgGeBFbfEOMFc,NKADJnnmkdmlf
Ge,E,PackdmjP,acjbgGfD,FbiNJmj
dmkeACHgG,nmjaeABFad,kbiLEONLEONLEPb,GeBGdlhIlhKB,bgG
EONLEOOOMHi,IkdmiON,miLEN,BDLDLF,fDKBFbhIk
miLDMGfCHi,JnmiNJn,fDLDMGdlhKAAAC,kepCG,BDKAACHiLDM
dmke,C,jbfEO,IlfCHhI,ckdmjPbgHiNJnm
NKCGeABDMGepD,BFciNJ,lhJnmjbgFaclfCG,DMFcjPciOMF,kdnmiLENJo
ABFbgGfEOMGepBFb,HiLEOMHgHiLE,IkdlhJm,clgHgHhIkdopEM,kepDJ
pCGeoACIkepDJnnm,ckdnnnnlgHiMGe,A,Hi,IjPPbhK
B,MH,GfFPcjOOPPad,ABFciNJnmjbhIkck,jOOOONJnnm
PPaeACGfCIkcj,cjafCHhKC,hLCI,eoBDKAACJmjPaf,Ij
clfCIlfEO,PPbhJmkd,kdmkeABFPbiMIkd,oABFaepBFbgGeBFb,GdnnnmkeAABE
bfEOMIjb,IkdnnnmiLFad,mjPadnlgIjaeAAA,C,fDKB
LD,ENJnmj,hImiLFbhJ,mjadooABDKBENJn,mjPaepBEPPbhJno
AACHhJmjbfEPbgFc,fCHgFadoACGfEO,MGfEPPcj,NLDJopCI,dlhKAABGdlhJnn
mkdnnnnnnlfDJpC,jPadn,nmjPaeBFbgFckeB,MHh,DJpBEP
eACIjacjb,IkepCHiLENLE,OPPPbfDK,C,fDKC
hIlf,Il,KBEONLDKBDMG,nmkciNKBDJ,CGfEOONJoACIkckc
PbgGeoACJmjPa,ABEMHiMIkck,kbiMGfENJn,fDJooABFckdmle,F
iMIlgHhLD,ABFckb,KpDJpCHgFaeB,LD,pDJpBG
lhJopBFbhI,gFckckckbiLEOM,gGeB,dmjP,PciOMGeA
F,lfDKBFbhKp,Il,JoABEONLDKpE,LEPaepD
DKACHh,CIjPcj,NKCHiNKA,B,LE
KCHhJoA,Il,KCGeABFaeBDK,B,NLF
epDLFbfEO,KBFcjad,lhIkepCIkdmjbhI,hIkdmiLEMIkclf,Hg
cjb,FcjONLCIlfDM,hJmi,MHgHhIkd,nnmjadlhKBFadmk
jPPadnlhIl,CJnmjbfDLCI,epCGdopDMHhIkb,MGfEOMGfENJmj,OPPaclgG
CIjaepCIkdl,LDJooAACGepC,hJoA,Ge,E
OMHjOOON,nnmkd,nnnlgHhKACIkckd,jOONKBENKpEMHiN,CHhKpE
LDKBGdm,ONKACJnlhJnnm,dnlgGdnmkdmkep,Gf,MIk
BDLDMGeABFc,epDJpBFackckdm,acjaeADJoADJo,B,NLF
fDKAAACJm,ckbhKAABFbhJpB,dmkc,dnnmiNImiNKBEO,GeBFbiM
keBDM,gFac,clfCGepBFaeBDL,Pci,KCGfDKA
C,fCHh,lgGeB,NKA,C
kdmiN,lhKCH,FbiMFcjPacja,BFacjaeBEOM,lfDKA
C,gHgH,LDKACHhJnlfD,AACIlf,NLE
JoAACGe,E,IlfDJop,MH,GfEMHiNKpDKA
C,jPbfE,MGfDLEON,ADJnop,E
NJnnlgGe,E,NLDKpENK,Hg,gHiN
oADJo,C,hJnn,opDKBFbgGdnlfDJn,opCHiNLDLDLEONKB
dmjP,bhKBENLD,GclgHgG,mjOONLDKBF,bhKBEOMG
CHiMIjPbhIl,IkckckclfDLC,lfDMG,EOONLDLCIkb,KpEMIlfEPPPa
CJnmjPbhJoA,E,PPbgFckc,aepCHhLCJnmja,ABGdnoopBFc
eBFbhKBFPbiMIj,cjOOOOMH,IkciNJnnmjad,nlhKCGeABFcjPbh,ooBDL
OPP,bgHhKCGf,LE,ImiMGfD,CGeAAA
Jm,afCJnmiMIleBE,MGeBFcja,ABDLCIjaepD,CImiNJ
keBDLCJnmiLFaeB,ckc,dnnmjPbgFckcjb,DLEOMFckdnn,fDMHgHhJnlhKBF
eAACHgHhJ,iONJoBDMGfDMGeB,KA,A,B
NLD,pDLCIk,keAADJopDL,Pad,opENJpCIkdnmkbiL
OON,DMHgGf,Kp,Jm,clfCIlhKABGdmk
mjaclgFciO,KAAABFb,IkcleBFadnlg,gFae,D
EOMFck,iMGeBDMGf,Kp,LE,HiONKCH
JoADJoopENLF,fEMIkepBE,NJopCHjO,LFackcl,HgGeABEONLCJ
kckbhKAACHgHgHi,EONKCH,JnnlfENJooAC,epEN,EMIkdn
mjPadlhJnnooACI,afDJopCGeACGe,CHgFcjaepCGepEOM,eACI,gFckdnnnooABEN
ENJoAA,B,KA,Hh,miNKC
eAAA,Gd,pCIlgGfCHhKAABDM,doAB,ONJ
ABEPadnnnnooACIl,HjONLDKBDLDJ,ABFbhIlhIkdnnmkc,gGfEPbgFckbiLE,MHjOOOMI
clgFaeBGdmjPbh,ABFcja,BEPackdopCI,dmjPPbfDMGfEOO,KBFbgHg
clgF,kbiMIkbiMF,jPcjOOOMGd,jPbgGdnnmjbgGfE,LFbfDMH
GfCJmkepEOMH,ImiMGepCGeAB,cjO,MGdnmiLD,HhJmjPP
hJmkdmiLE,MGdmkepE,LEOONJn,nlhJnnmkdnnmiMG,CGfDKAACGfD
DKpDKA,D,CJmiOM,kbiLD,GfDLEPa
nmjOOMGdoA,A,E,KADJoop,KB
bfD,GfCIlgH,JopEOMGfEOON,opDLC,nmjae
E,OMFbiMGf,Il,GdmiNLFbfFPb,LENKpDJopCIja
jbfEPPbiMG,pBFckckeBDL,Il,JoABFPbgIjac,dooADJoBDLCIlh
jbhJn,nlhLDKABFackeBD,pCHhJ,CHgGeACJnmkclfDK,E
adnmiMIj,ackeBDLD,CGfEOO,HhJpCHg,iMIl
IjafBGdnlhKB,bhJ,oBDLCIlhKAABDLDJ,ooABEMIkepDLDLE,LDLEOOM
iOMG,mjONLDMGeA,Gf,Hg,gIjP
dmjOONKCG,ENJpCHiLDMG,ACHhJoABEPa,mjaepDKpEN,CIjPbg
fDLD,ACHiMG,pDKACIjPaep,LC,nmiLF
gHhKCGdoA,Gd,pBFbiLFbgGeBEOOO,MFcjafDJ,pENKBENJmjbgHiOM
fDMG,mleBFaeACH,KCHgFbhLCIkc,gFaepDJnnnlgHi,MGdnmjaf
Gf,Pac,biLFbiLFbfDMGf,Kp,NKp
KA,B,bgI,adoopCJmkepBG,mkbiMIkeAC
keBDM,gFcj,cjPPcjON,FbfEMI,PafCHiLFaeAAC
miOMG,BEOMGdnmiMG,mkeBDLCJnm,dopCGepDKAAACG,DJpBFbgFaeA
D,ABDKAC,gGdo,BFbgHhJmjaeBDMHg,gGfB
dnnn,jPbfEMIkeBENLFP,iLFbgGdnl,EOOOMHgGfCI,iNKAAACGfCGfCIm
MHgHiMIjPaepC,lhJnl,DLFPbhKpDJp,E,ackeBENL
Jn,miOMIkeABENJmkc,gGdmjONLFadmjP,iMGfDLEPa,mjafDKpENJ
oopCGfDJoAABDKA,Im,NJnmjadmkciON,ADJopC,mjPPb
JnmkciNLEPPa,mkcjbhIlhL,KC,eACG,FPbhKBEPack
lhKBFbfEMI,eACGfCJnmjONLF,bhKpDMGf,MF,jPbhJnmleB
OON,DLENKA,A,A,Ge
DLENLDLFadnlhJnm,bgGclgHgFafDK,CIlfENLDJopBGdmj,ckbiMHhJm,PPaeAACIjbhIl
BFbhJpBENLE,IlfENLE,NKAADJnn,opDKpDJnnmkeAACI,aeBEMHiMGeAAA
C,jOOO,ONLFbhKp,OMG,pBFckdlhJpC
iMHh,kdnnm,adnnmjPciNKBD,FbhJnm,PPbgHiMHiLFad
iNKAAACIlhIkdmi,Jmkdmja,pBFackdmjPc,PadnlgHgHiMGd,lgFadnlhLCIlfCI
hIlfDKBGdmjOOP,aepBGclf,NJm,dnmjbgHgFaeABD,pBEPP
cjPbgIjad,ABDJpCIjaclfEMHi,GeACIlh,nmiMI,biLFPbiLDMGfCH
JmkeBENJnmiN,pDLFPb,JmjPadopEMIj,eACGeACHh,nlgGf
LF,gHhIkeABD,CIkbhK,C,gGdm
bfDLDLFbfEPPa,ooABFckdop,Ge,DKACJmiOMGepCHgF,dmiNKBDKC
epDL,Il,JoBEMHiNJmjb,JmkeoACImiNJ,kdopENJmkdnlhKA
B,aep,LD,EPadnm,bfDLCJnmjPadn
lgGdoABFbgGdmiM,lgHgG,nmjOOOONJn,kclgFbgFbhIlgGf,OMI
dooABGdmkckepB,OPP,dnmjOPPad,lfDJpBFPbhIkclf,LF
gGdnnlfFa,jbhIlgHgGf,Il,GfCHhKACHgHg,fCIl
ENJmjbgGdno,pDJopDKpDKBGdmiM,eoAD,nnlgH,MIjPadnmkclfD
ABFcjP,jOOOMIlgFc,bfEOMHhLDLCIl,HgHhLDLFbgFb,IlfCHiMHiLEO
HgHiLEN,AABDKA,Hg,fDJo,DJoopDLENKBGdmjP
aeBENJop,G,nnlgGfEPPP,iLFadnlgG,pCGeBFaclfC
mjbgH,NJooBDLDLDLCJ,mjaeABDLCIlgFbg,iLDM,epDK
D,DJoABG,mkckdoABEO,GfDLDKB,KA
Ge,E,KCHgHhL,Ik,oACHjOONKp
Il,ENLFafCGfEN,pCHhK,Gf,Hg
eABE,HjONLCI,dooBDLCIjbhJmi,MGepBFaf,Gf
Ge,F,hJpBFckck,nlgHgGdlhJ,oBDLDLFPbhLDKpDK
DLFbgFaeAAAAACJn,iMIlgHhIkeACIkd,hKCHiMHgFbiMIl,HgFaeABFbiLE,HhLCJmk
mjackdmjPP,aeBDMGfE,KpCJmke,E,KBGdlhI
biLEPPPafCIkdm,NKABDLEPadlhK,D,pBFci,MIkcjPae
E,IlhJoAC,hJpC,hKpD,CIlhIk
iLEOMGfEO,IleBFcl,CHjONLDKAAC,doAA,Ik
AAACHiNJopC,keoBE,KBENJoA,E,aepBENLE
PPaeAADJ,ACGfENLENImhLDLE,PbhJpCGf,Jp,Hg
jaeAB,ckc,bgHhLCIjbfDKB,KA,Il
GfDLENJoACIk,jbfDMGeBDK,D,CJmjae,D
oopDJ,BDKABEOLFbiLDMFc,bfEPPPbfEOOOM,iNLC,mkdnl
KACHhKAABDLF,biMGeBGc,fDLDLFbgFclfDL,Jn,iOMHiONJmkcjaeB
Pad,opBFcjadmkepDMHg,aeB,NKA,D
GdmkepD,DKpCIl,CHiLEPaeAAA,C,gFad
hIkcjadoABFbfE,HiMIkep,MIl,GfEOONJopCIj,gFckeBDMH
HhLCIjbgGfDM,gFck,pCHgGdmjPac,bhKpCIlgGfDJoo,C
lfCIl,DLEMIkdmjad,jaepENJnnlfCJmk,miNLENJnno,pBFckdmiMGfDKBDK
E,HiMIjac,biMGdmkdnnlgFc,PPPaeBFaclgHi,NJoABGcl
IjaclgFbhLDL,MHi,LCIlgFb,IlhJnnmjPPPc,OOOMGdmiNJpCG
CGeAACJnlgG,CIjPadnmjad,pDKBDKAAAACGdooA,D,Fackdo
DMGfDKCHjOOONLEP,ckcjackci,LDLEMIl,FbgGfCIkdnnl,FciNJnmjbfDL
bgF,gIjPbiNJm,bhLDKpDLDLDKpE,JoABGdm,PPaeABEPPaepD
BDMGdm,PafCHgFbiMIkb,LFadnlfDLEOMG,EONJmiOMHhK,ENLENLEMIjPadoAB
ciN,pBGcl,HhIkdmkdmjOO,GfEONKB,LD
FadoAA,D,ABDLCI,iMHgGeABENJopDK,Gf
KC,gHgF,gGfENLEOP,PciNJoAB,adm
eoBDJpBFckdopC,gFad,nmjOPPaeABFcjad,lhLCIjafCIkdooA,E
IjOPPPa,ACIlgHhKBFb,DMGdlhIkbiM,hKAC,eBGd
iNJpCHiNLDLDKAC,gFad,kckckepDKBDKpCI,eBFbhJpCIkdlhK,ENKABGclgFaeAABF
iLENKABEM,lgFbf,PPb,DKCGepENLEN,mkeoB
MH,IjPbhIlfDMGf,LF,fCJnmkdmi,DMFcja
BGdmjbhJopC,eBFb,LFackbhLCJnmk,kdnnmiMIkc,dnmlfCGepCHhIm
NKpDMGclgGeAB,ack,kdmiNLCIkb,MHjOONJnmkckc,NLFaepDMHhJop
MH,FbhIkclfDJnn,nmjPaeoACIkepEM,jadnm,dnmjOONJoBDLEP
ciNLFacj,hIkdmkcja,kckcjbfDLF,fBGdnmjad,miOMHhJmjadopCG
oBDLEOONIlh,nnlhK,A,F,kdlhJoopDM
cke,A,A,A,Hg
iMGf,Ik,iNKCHiOMIk,iMGepCHhK,D
ooBDL,NKB,LE,IjPbgHg,gHgH
NLFadmiMGeBGc,fEOMIkbiMIlfDL,NKC,gIjb,EOMHhIlhIkd
kdlhJnnlgFckdmj,epCHgIjae,C,gHgF,gHhIlgHhJ
ABDKBFbgGeBFadnm,dooBDLCJnmiMGe,C,fEMI,gGdoABFadmkclg
iMHi,HiLEOMG,oAAABDLDJo,BGdnnmhLDLDLEPbg,ado
DLCJnmjPbhKpENLE,PPcjOOOO,HgHhKpD,pDKCGf,OOM
eAAB,MHh,AABENK,Gf,Hi
FbfFPc,NJpBFciOMGeAB,Kp,OMH,JmkciOMHhIlf
Jn,ooBDLEPacjbfEPP,eACIjafDJ,pBFbfDMFciONKACG,ENKCHiLEPad
mkeoBENJmkdmkeB,Jp,F,lfCImiMIjb,FbhJnnmkdmjP
dmjadlhKA,Ik,jPbgFbhJnn,oABEPPbfDLDLDLFP,hKCHhIlgF
ckckciONK,DKACGfENKBDMHgFa,CHhIkepBFck,nnmiMHiLFb,HiNJnnooAACH
LEPbfEONJmkdo,DKBFacjadopDJnnl,HiNLFadopBGc,gGfDLEPacjadoA,Hg
fDLC,lgFae,A,B,NKp
Jn,mjOONLDLDJpBGcl,GdmiMHhJnmiM,lgGdl,JnlgFaclgHjO
OOOOMHgG,DJopCIjPPae,D,Fcjacle,F
keoADJnnlf,MHi,MIjadmkc,clgHhIlfCHgFci,KABENLD
BEOONJ,CHhKBENKCHgGfEON,pCIkdn,nmkeBDLDJoADJop,LF
cjbgFcjad,lgHgGdmiNKBDKBD,GeBEOPP,ckbiMFciN,EOMGdn
kdoopCIjPadnlhK,E,PbfDKCIj,PbhJnlgH,FcjbhIlgHgGf
MF,iOMIkepBFc,PacjadoABEPad,kdmkciNJnnnnlgH,KBENKpENJpCH
HgFadmiONJop,Jn,iNLDMGdoopDKBFb,MHgGfFPbiMGfC,dopE
LDJopBF,iONKBENKBF,gGdnnlgFa,BFcjPaeACIj,fEPafCIlg
fEPa,pENKABFPbgH,NJoAAABGclgFa,opCGfEONIl,JopENJmkdmjO
MHgGeoBD,pEMHiN,oopEO,HgFadmj,cjOOOOMG
lhKBFadnnn,lhKpDMGfDLEPbfE,OOMFclfC,hKAC,hIke
ENJopENKBFbiMGfE,MHiMGeAA,C,gIjP,ciNKpDLC
keBDK,D,pDMFcj,fDLFPcjOO,PPaepBGd
jPPadopDMGepCGf,Hi,JpBFcjO,MIkeABFa,pBEONJmjPbi
JmjOPPa,lfCGeBFcjP,fDKABFafC,mkdoA,F
jaeBDKpDMF,jbfDLEPack,mjaclgFciN,ENJnlf,ONK
A,D,HgHhJnl,LCIjbhJpBFck,iMIlfDLCJ
mjaeBEMHiONJoBD,GeABGdn,oAAACIkckbiMFciN,FaeBDK,DLENLFafCIjadoop
LD,GdmiLFa,CIlgHgHhJmk,pDJpBEOPPPb,KpCJmlfCGfDK
F,fCIjbgHiN,nlgFb,GdoABDLENKCH,FacjPbhKBEO
JnlfDKB,aep,Hg,iNJp,E
PcjPbgGd,pDMHhJnmjbhJmjPb,FadmiNLENKBF,ciNKBEOM,hJmk
ABFafCIjPbg,ado,BEMIlfCIjPPaepCH,JnmjbgIjPPci,MGfENJop
Im,LFadnmiLFaeAB,MG,ENKBEPbfENJ,iOMHjONLFaeBFcj
PbiMHgHi,LEMIkeA,E,PciNLEPP,biLFacke
D,FbiMGfE,aclfCHgH,OOPPPbhJnlgGd,AADJopCJmjOOONLD
BFPbhJ,AABFbfENLDJopDLD,FcleBFc,NLEPbfEPbfEMI,afDJooAABGdmj
cjPPaepE,LENJnnl,ENKpCIlfDLE,IkdopDL,NLE
PPackdmi,EPafDJ,oAACHgGepENJpCIj,bhJnmjac,aclfEOMIkdooA
C,fCGe,D,GclgGdm,ackckepCIlhKB
aeA,A,Jn,gGfEOMHhKACImh,DKCHgI
bfDKCHhKCGfCI,gGeBDJpCHhLCIj,bhIkepDK,Hg,ado
pBGdmjOOMGdopCGf,LC,mjPbi,EMIlfE,OONKpDKA
C,fEPa,lhJoABFciN,pCHgF,lfDKAAACJm
afCHiNJoBDJpB,OMI,bhLCJmjOOMGeAA,Gd,pCHiNKBEMIkbhKAA
Jn,gGdoAABFbfENKA,F,bgHiMGfE,HiLENLE
OOOOOOOO,GdmkeAB,MIj,fDKBEPPbi,ENLFbg
cjb,EMIlfCIkbiM,eACJ,kbhKCGepDLFbgHg,dnlh
ABDLEN,BENKBD,AABDMG,ACIkeAACIke,B
OOO,MHiMHhKp,OMH,LDKBDLENJopC,dooA
Hh,DKBENL,LC,kbiMG,lgHhKBDLFa
mkckeABENK,D,pCIkeA,E,bfEMIkep
F,gHgHgHiMG,lgHiNKBFbg,jOON,CHiMHi
GdlhJnn,lfCGeADJoAABFbi,IjafDKp,KA,F
bhJooADJ,nmjaclfCJmjbhIl,ENKBDLFPbgH,KpEMIkepCGdo,EMHhKpENLEONJoAA
Hi,KpDKCHh,ABEOMH,KACHgFbhIkdl,JopDMGfDMGfC
jPbgF,ckckdmjae,DLFaeABEPbfDKBFb,MHgIjPbgFaeBE,MHhKABFb
FcjPaeAACJmj,gFbfEPbgF,gFckciOMG,BEONKBEPbgF,doopDKBEP
bgFadooA,F,hJpCGeBFb,HiMHgFbiMHiL,MG
ACGfCHhIkcj,bgGdopDK,F,dmkepCIle,F
hJnlhKBEO,IlhJpCG,EPafCImiNKB,ONJ,mlfCGfDJooAAAAC
dopB,ciO,JoAABDK,B,NLD
ACIleB,ack,iNKBFPbiNJ,iOMIlfEPaeoBDLD,BEMIlf
Hj,OMHiOMFc,doopBFaeoBEMHi,NJopENKB,bhJ
kdmjaepCIkepENL,bhK,B,OON,lhKCH
FbfDLCIlhIlg,fEOO,GdlhIlh,nmkdn,kbiMGfDKACGeACH
JpBFPciNKAAA,B,Pad,jPcjPafDKpENJmk,iOMHhJnlhJ
jadnmkdmiOMIkep,KB,cjb,ImiMGepCHiOM,kbiMF
jadmkclfDK,B,ckc,fCJmjPaeAACIlh,lfCHg
fDLE,OMHiOMGd,iMGfEPacjafCIkb,LFbhJopCHiLEM,hKBF
iNLCJnlfDK,F,gFclfDKAC,iMGc,gHiNKpDLDKpDKC
fCHg,gFae,CHhLCIlhKpENJmle,E,PbgHgFci
JnmjbgI,bfENKBFbgHgGf,NKC,hKBD,EMHjOO
FclfDKC,hKAC,kcjPb,GfCIjadlhLCJ,lgGeBFaeAABFcja
BDMGdlhJnnl,HhIlgGdmjPPb,JpBGdnlhIlhJ,pCHhKCIjPPacleBF,dmkdmjack
miMHiMHiMG,nlgGfCHiNL,NJm,adnmiMGfFPbhK,DJnnmiNIlhKADJoo
C,nlgGe,E,PciNJoAC,fEON
nnnnn,fENKBEPadnmiLE,LDMHhIk,oAAAAAACGd,AACIkbhKpENJmkcj
biMIkcjP,dnnnmkdmk,nmjOPPPcjP,fEOMIkcke,DKBGdnlfFPbhJnlg
hIke,CIlfCHhLCJmjbgFa,nmiONJooAC,gHhL,Jn
nnmjadnnooBDLEM,lfCIk,mjPadmkeBD,CIjbgG,nnmiLFPbgH
HiOMGclgGfDJ,ooABENJmjOOMGdo,DKBDJpBFPbhKpDKA,B,afC
lgGeB,OOO,NLCJmjaf,Gf,MG
pDLEPackeAB,KA,D,DKpDLC,mjPci
LEOPPad,kckeADJoAACHgGd,hKAAACIlgHgHjO,ONKpCIlf,Paf
Jo,B,MHh,pBGdm,PbfEPafBGdnnl
FbgGdoAAAAAB,OMH,MIjPaeoACIlfC,fEPP,dmjbfDMGd
ooBDLENKpDKABDK,A,B,NKB,NKC
gHiO,HiMIlgH,NLDLDKAABDKCH,MGfEPbgFaeAAB,biM
lhIlf,ONK,CIlfDKBEMIkckdlh,lhKCG,EOONKBDKCHi
NKBFcleB,ONL,Pbg,dopB,aeA
B,clgG,DJooACGeACI,bgGeABEONKCGf,MG
DLDLCJmjOPP,dnmjPciOM,eABD,GeBDJpB,dnnm
dmkeAAABEPbgFb,FPbiMHgGfEN,DMGfEP,gFcjPPaeA,Ij
PbhKBEMH,ONKCGfCIjbgFa,nlhKBEOONJ,lfEOPPaepBGdlhJ,kcjadoopEMIlfCI
iNKCGfDMGdlhKBG,mjaclgFbfE,NJmjaeAB,NJo,D
pDMGdn,fDKCHgHgFbgHiN,CIkdoo,D,AACGeA
D,CHgIjb,HgGclgGdoAAC,hIkc,fEOOOMHgGepENK
D,CJmkeA,E,KCGfCJn,iLDMHhIlgGeBFae
DJnnooABEOOMHiMG,nmiMIkcjad,opEMIjacjbhJoAAB,bgI,PacjbgGeACHiN
CIlgFa,AACGfCJnlhL,Jn,iNKBDKBEOMGdnnn,gGfENLDLDKBEPb
EOMHgFafCJm,acjaeACHiNLEN,miMHj,OMGdlhIk,miLEPPbiMF
kepDJpCGfC,eBDL,NJo,A,Gd
ABFcjafDJpBGdmjP,iNLEONLCIk,mjPPaeBDKB,MG,pDKBFcjaepC
hKBF,eBDJpCHiN,nmiLE,JoopCHi,IjbhJoB
LE,PadmkciN,pBGdn,gGeAAAABDLEOOM,dnoo
EMIjbfEMIkbiMHgF,hKpDKpDKA,D,FbgFcl,DKBEOMHhKBF
fCIlgGfCI,gGdnnlfCIjaeAA,Hg,gGfD,DLEONJ
ABDMGepCJmjaeABG,mjPPcjOOON,BFbgGf,KB,NKC
gHiM,fDLF,ciNLFbhJ,ooAAABDMGdoAAAC,jPciN
ooABD,pCHgI,PaepCHgGeBFbf,LE,aepDLFbh
miLFb,JnnmjbhJnlfC,nlfCI,aclfCJnmkciOM,kdmjP
clgGeBGcl,ENLDLCIkdnm,admhLDLENKAAB,bhJ,BFclfCHgHgHgGdmk
kbhKACGeAC,eBEN,CHiOMI,acjbfEMHiNJnn,jPbfDKACGeBEOON
AABENK,F,clgIjaepE,MGfENLEO,LDJpBEO
IlfDKCH,NLENLFbgFaeBE,LFaepBF,iMIkclfEN,AAABDL
MF,jPcjOOOMHh,ACIkcj,eoBENIlhK,E
PcjPPbgI,bgFbgFaeBFbhJ,CIjbfENLDLENLEMH,ONJpBFcjaeABD,DLCIlh
lfEOO,MIjafCGf,MIj,ckbhLDLDL,KA
A,B,ckb,KBFPbhIlfDKB,OON
EPbgGe,F,bgHgHiNJ,BFbgHhKAABDLCIke,B
bhK,CJmkckeABGdmkdoA,Ik,ooAACGeABD,CIlfCH
LFbgGdmiNKpCJ,kdoACHgGeBGdmja,kdmkcjackc,adnlgGdnmiLEO,JmkdmjO
MIkbiMHi,HhKACIj,fCIjackck,nmkciNJooA,D
FaeBEN,miONJ,opBFckbiLFbfENKC,hLCJ,jPcjOOMHiMGfCHi
LEOOOMF,jbfFacjbgG,ABENLDLDKCH,KpDLENKBEOOO,JooAAAC
nmjac,gFciNJoAACHiOM,ckd,ABGdnmjPbiMIkbiM,dnmj
dmkeBDKpD,GeBGdlh,mjbfD,CHiMHi,IlgHgFc
eBENKAAABGclgG,DLENLDLDLFa,nnlhJmjbhJ,CHgIjPPciNKpCJnm,ONJpCHgFbiLEP
eAAABEPPP,eBDKCHiLE,aclfENJp,Hh,CHgIjb
FadopEMHhKCH,HgFadmkcjOOM,lfCIl,DJpCGfBGdnm,bhKCHgHhIkepDM
dlhJ,oACHhJnnlfEPbfEP,dnooAAACH,NJmjPciNLFbgG,CHhJpBGdmkc
NJpCGdooAACJm,bfDMGclgFckcj,gHgFbgFac,fCGeBFciNLDMHg,aeA
Gf,MH,JnlhIlgHiNJo,ABENJnnmjONLFadm,LENJoBENKCHgG
DLDKpDMFckc,ckckclgFaeAABG,lgFadopCHi,NKACHiNJ,jbfDMGdmiNJoADJ
pCJnmiNKpDLENLEO,MFcjbhJo,A,Jn,fCIjbgGdopCGeA
Hh,oAABE,IlgGfEN,CIkepB,bgH
GeABDLDLCIkb,KBENKCGeBFbg,epDK,DJpBENLEONKBFbhK,Hi
LDJnnmk,oBENKCHiOMI,hIlhImiNJoACGe,DKpDKpCIlgIjPbgF,eABENKpEN
mkdoo,DLFbhKABFaeBDKCH,HiLEPadlhKBG,nlhIlgGdnl,DLEONKCGepC
iOMF,jONLDKBFcj,hIlfCIkcl,GeBENKABFado,BEOMIjaeBDKpENJo
C,miMHi,HhJpBFP,jPPaepBFad,jPbhKCHhKCHjOOO
MHhLDLEP,dmhLDLDKp,NKp,Jn,miMGeAACGeBDKBF
kdnlfDMGfD,BDMGeA,Jn,oABFbiMHhJoBDLCJ,kclgGdoAABFckdo
ENKABENLCIlgGepC,gGeB,dmiO,HhJnmjP,bhKABFck
iOMFcjPbhJ,BGdnmjaepCIjPbgG,ENLCJnmjaep,MG,EOOMIjadmke
DKACGfCHiLFaeAAA,Jn,lgGdnoopCHiNJmj,eBDKABFad,ABFadnnmjbgFbhJm
clfDKpEMIkdmiL,bfE,JmkbiMH,NLEPacjbfENKA,C
jaeBD,BFcjbh,jbhJn,kckepBGdmkcjaep,Hg
fDLD,oABDL,PPc,OONLEOMGfEMIj,aeAABFcj
fEONJoBDM,dnmj,bhKpENKp,MHh,pDLDJo
pEOMHhJnnnoopENL,KB,Pbg,dlhJ,BEMHiNLFackckdop
Gd,AACGfCGfDKCHiMHi,MIkeABFa,CGfCHhJnooA,C
hJmj,fCHhIkdoA,A,B,MIl
DKCHgGeBFPb,MHiLFPbgIjadl,JnmiLEOONKBF,kclgFbhLDK,DLCIlgHgFbhKBDKB
cjP,fDLDKACGe,D,pDKCGf,Hi
IleBEPP,iNKAABENLF,eAABDLDKB,bhJ,lgHhIlhKpENKAAA
C,nlgHh,ooBDK,Ge,D
GfEMIjP,eBGclgFaf,Il,GdooACJmiONJ,keACIlfCHgFcjPP
clgGdlhJo,CJmjadoABGdmkeAC,gHjO,MIlfCHiN,BGdnnm
NKAAAACHhJmjb,GfDKADJnnnoo,C,kdnmk,kdlhIlhJpC
gHgF,clfDJopCJ,jPadnnmjbfDKCHg,hImi,KBDKpDL
Ik,jOOONKBENJ,nmjPaepENKABGdn,nmkeBDKCIjPPbfE,OOMIjack
nnnlfDJoop,KB,dnlh,keBDL,ONK
CIkepDJopBEPaeAC,hIkd,oopDKABFcjadnnl,KBGdmiOMIlhI,eACHhJooAABDKA
C,fEOM,dnmj,eBENLDJop,Hh
DKACIk,iONKCHhKCH,KBENJnnlfEOO,IkdlhJm,OMIjadnmkbiLE
KACGdop,Hg,hKpC,miMHh,CHhJnm
acjbfENKBEOMI,epENLEPafCJmja,CGeBDKCHhKC,iNLC,jPaeB
MF,jbhIkeADJo,C,gHgH,FcjPbfENLFad
nlhKCGeoACJnlhK,A,E,OONLFPbg,jbgFc
PbgIjPafCHgGf,PPa,pDMHhJopEMI,bgGdmiLEOOMIj,aeAABDMH
JnmjOOOONKAC,mkbiL,Pbf,Pad,mkeBDMFbiMIkeAB
Kp,NJp,Ge,CHiMFciNLCIjbhJo,DMGepCJnmiNKBENL
aep,Jo,B,NJn,gFbhLDKBGdmkep
F,gHiOMHgIj,eAABDLDJn,opEOMGdmhLDLEMIj,doAABDLDL
KA,Hj,ONLFaeBE,HiMIlhI,iMIlgGclgFbhJnl
DLEPafCHgFa,nlhIlhKBEM,jaeAB,LC,jadmk
hLDLDLDLE,NJopCIlh,ACHgFc,bfEOOMHiOMHhL,Jp
Ij,aclfCHiM,fDKB,ONJ,lgGdlhIlhLCJnmi
JopCJnm,MGdopCIjafCIj,hJmjackdm,LDMGeACJmkdmi,GfEPaeB
OOM,epDK,E,ONJpBEOO,HiNJooB
MH,JoopCHiOMHhL,Ik,ooAAAAACIm,MGeBFbiMGclfE
KADJopB,OOM,kdmja,BFcjbgFckeA,E
MGdmiNJm,adlhLCIjbfEOP,admiMHiO,Fckckdm,eAABEPaeAACHgG
mkdlhJmjPb,DLDKpDLDKpD,CHiLEN,nlgFb,IkdnnlhKBEPb
FcjafCJmkeoA,Jo,BENLEOOOOOMIkdop,F,gGdoAABDL
Jp,Hi,NJooAACJ,kcjacjbgHhLDJnn,oADJnnnnmjPPPafC
lgHgH,FafCGdoABGdl,KpDLCIlfEOMG,AABFaclfCGf,Gd
opDLFbhJnlgGeAAC,jPPbi,GeBEMHh,BEPPbf,KB
MIl,IlfEMHiNJooB,KA,D,ABFcke
CJnmkckeBENKBDKB,ciN,pBFPb,LFbiLDMGdmkci,KpENLEO
LCIkciN,ACHjOO,GdnooAC,nmhLD,EOMHiM
dnlh,kciON,ABFcjb,IkckdmjPPbfE,bfDLDKBF
gGdmkeBEN,oAACJ,kcjaclgGepCHgFb,FaeABEOMHgGe,BDLEOMGeACGeBDLC
jbgIj,gGeBEONKp,Kp,LD,DKCGfC
jPPbh,CGepDK,G,lhKBGdmkdo,ABFafCHhJmjOOPPa
nnnlgFcjOO,MGdnmiMH,LDMHgHhKACHiN,nnlgF,eBDLFPbhJ
AACHgGfCHhJmjOOO,GeBFPbg,hIlg,dmjP,iMIkeACHh
kcjOO,NJnlfEOO,HgGfCHh,nnnlh,leBGd
lfCJnmiMGeBFack,ABDKABEPacl,BFcjbhJpBGd,kbhLDKACHhKBFad,nmiNLFbfENKBDKC
iLEM,jadmk,opBFbgHhKp,MF,iMGfDLDJo
B,dmja,lfDLDJnnnl,HgGfCIkeAABF,dnlfCIjPb
KCGfEMHhLDLE,IlhIkcl,DKACHgFcjPP,dnlfENKAA,C
fDLE,HiONKAA,C,dopE,LCIjPae
G,nlgFckciNL,LC,jaeoB,MHh
DKpDKp,MIj,hIlgFbhJm,OMGdmiMHgHgHi,GeABFck
nlgGeBFcjO,LCIjaeA,E,KBFciON,miNKB
LD,pDMGfD,pDMGeo,D,FPbhJm
PPadoopDJoopD,CGeBDL,Jo,D,ACGfEP
PbgIjafD,pDLDKB,OON,EMIkdo,ACHgGdnlhJmkcjae
D,pDJoAA,B,LE,Ikcjadl
JnlfENLDLFae,BDKCHgFbgHhKAAAB,LD,opCIk,jPaclfEOOM
gHhJ,nnnlhJoAAABEOON,nlgHh,kcjPP,gIjadoABF
bhKAACGf,Il,KABEMIjafCGf,Jo,A
E,PciONJnn,nmkeABDLFackbhK,D,FckciNK
A,F,ckcjbhJop,LF,epENKCHgH
GdlhJmjbgHhJ,opCJmjaeAAAACIjb,FbiLEOMHiMGd,jPbhLDKABFaclfD,CGeoAD
ooBDL,Pbh,mjPPc,PaeAADJoABGdm,PaepDJpBGclgH
NLDKBFbiMIkdo,AAAACGfENJnmjPac,bgHgHgHhKpDLE,KBGdlhI,cjadnmiLEONJnn
hJoAABDKCGfDLE,JnmiONK,D,EOOOOO,KpDLFbh
kclgF,fCIlfENKB,LC,keACI,fEOMGeBEONLDMF
keACJnlgFb,KACIleBFPbgG,FPbgHgFbgGe,B,ckc
OMGeABEMIkeAC,iLEN,DMGdoA,Ij,ckdnooACG
AABEMHiLENJ,iONImiNLEMIlgFa,BFbfDKABDKA,Jo,BDKACHgFaepDLFad
noopBFbgGeBDJpB,OMH,NLEMIjafCJmjP,ciOMGdnm,aeABFPbgGfDKp
NIm,MIjaclgFaclgH,LFaeABENLDLDM,dnnm,dmkclgHgHgFbhJ
pDKACIjbgGclgGep,LF,fEPPackck,lfEMIjPbhI,hJmkbiLENJmjPa
oBENJnmiNKA,Hi,HhJpBGd,jackdmiOMHgHgGd,nlhIlgHgGdmkciN
nmiON,oABDK,A,Ij,PadmiNJm
aepBFbiMGfCGf,Jn,jadmjPadnmkdmja,oopCHiOMFc,epCGdoABEOMGdm
ciNKpENJnmkbiL,OOO,LCIlgIj,bhIlfDLC,lhJop
F,fCIkbhKBE,KBEMIlf,Pbf,Pae
F,dnnmiNJmk,AABDLCIjaeA,Jm,eBGdmjaeBEPPcj
OMHhLDJp,G,nlgGdmkciN,nmkeA,A
D,ENLFaf,Hg,iNKA,A
Jo,CHgHgHhKBEPadmiM,iNJp,Ij,eBFaeACHi
GfDLDLF,fEMIkdmjb,JoACHgHiNJpC,gGdn,oACIlgGfDLEMHiNK
D,CHhKBF,bhLCIkeo,D,opBFb
ENKpENJnmke,DKBEOOOMHiOMIjPa,nnnlfDLDKp,KB,ado
DJooADJnnmjPPadm,biMGeAABEMHhKA,Hi,EOMHgF,eBDKAABFa
mkcjPbgGcl,FPcjPbfENJn,jbhJmkepCIkdoAC,hJop,Hi
IlgGepC,kdmiL,MF,kdnnnmjOON,mkdmi
GfENLDL,bhK,E,JnopBEN,FbfDKA
Gf,Il,LCIkdlhIkeAC,fCJm,OONLCIlfDKBEN
EPPbgG,miNIlhJpBF,cjadopCIk,oBDLDMHfFac,bhLDKpCIlhKBFb
DMFciNKBFac,dlhKBDKBDLDLFa,AAAACHiNJnn,kcjOOMHgHiNJnmj,adopCIja
ooAABEOMGe,B,dnnn,nlgFackciOMGepC,eACI
gGdmiMGdopBEOO,IjafCGe,BFbiLEOONLDLFado,ACGeAAABGdmiNJno,pDJpBGdmjPPacjad
ACHgFaeACGeBEONK,ENLFPbiMGeoBDLCI,bfDMHgGfFPcjO,LEMIlgF,ckcjPPado
DMHgFaclgHhIlgHi,KBEPafD,oBEMI,gGdlhIkeoADJoA,D
DJoopB,bfD,EPPPcj,PPbhJmkc,ckdooAAABGdnmk
kepBFckdnn,oABDKpEMHhJpCIjP,cjPPaepC,kcjPa,miMHhJoBEM
lgHiO,KABEOMG,ACGeBDKpDMG,CGfEMHhKCHi,EPadnl
HgIjPadmjafD,opDLE,KpDMHgH,LCJnlgHgHgGd,hIkepDJpCHhLDL
Il,KABEOMHhImiN,opDJn,nlgGfDKpDKCHhKC,fENL
KC,gHgH,HiMHhJnmiNKp,Jo,EOMGeBEPPadnnmiM
hIkd,oBEMIlfDMHgGdmja,ACHiMHjOOOM,fEON,ENLEPP
gFadnnmjb,DLEOMFcjONL,Pbg,biM,eBEN
miNKA,D,pDLFbh,nnooA,F
iNKpCJmjbf,LD,oABEO,ONLENImi,GfCIkdn
fEPafCJnlhJnlh,pBFad,ABEOOMHiLFbgGeBE,PadlhKBG,lhKCHhKpEN
lhKBF,dlhJnnnmk,lhJmjPPPaf,Jm,ackclfENLFPbh
BFaclf,MIj,dnnmkdmke,DLFbfEONJnnnnmiL,ONL
Pbg,eoBD,pCHgG,lgGdlhJoBD,BFadnm
LENJmkdnnmjaf,Jn,jONLENLDKBENLEO,OPPPaeBD,EOMHgG
miMFckcjPb,DLDLDMGdooB,NKA,Hh,CHhJop
MIk,kdoAACJmkb,MHhJnlfDJoopC,nlgGe,F
jPPPcjPPac,biMHhKACJmjaeA,E,bgGdoopD,ooABD
ENLFaf,Gf,OOM,fDKA,Hh
lfDLE,ONKBEPac,dmkdnnmkckdmkd,kckcjbgHiLFbfEO,HiMIlhI
fCGeAACHgHiOMH,IlgFafCGeABF,iMGfCIlhJ,miMGfDMFciOMHhI,dmiOMHgGepEMHi
LEONLFa,CHgHiNLDLEM,iOMH,IkeoBDMFbiNI,hKAABDLEOOONIl
JnooBDLDKpDL,NJo,D,pBFad,iMIjbfENKAAAAAC
fEMH,KBEMIkeACIlf,Ik,iLEOMIjbg,eABE
OOONJpBF,bhJopDKC,epEM,keACH,IjafCHgGepCI
eBDKCHgFackclf,LD,GfEPafC,hJpB,ciN
pBEOM,dmiM,hJnm,dnmjOOONKBFbfD,DKAAAC
kckeA,Jo,A,Ij,hJpCHhJnl
HhLDLDLFPbgH,MGdmjbfDLFaeB,NLE,PPadnnlf,Kp
OMH,JopDKBDLFbgF,fEONJnmiM,iMIl,CIkepBEOPPP
gFbgFckci,MFcjadoo,DMGeBEPPbhJoACGe,D,BFaepC
jbhIm,NJmjbgIjPPbfE,LDLCJnm,OOMIjaclfDMGf,Hh
CHiNLD,ABENLE,PPadlhKA,E,LENLDLE
PcjPPbfF,cjaeABDMG,DMHgIjbgGfD,pDLCJn,hJopDLFbhJnnlg
hIke,B,dmiM,lhIlh,lfDKA
Jm,PbfDKACIkbhKp,Jp,F,hKABENJoo
C,fDLF,epCHgIjPa,kbiMIjbfDK,E
PPadooAB,NKA,C,fCIj,gGfDKBENL
LD,ABDMGd,oopBEPadmkcjado,B,Kp
NKA,Hh,DKABFP,jPbgHhJnlh,opCGe
C,kdoop,LE,IlfCJnm,PbiMIkdoAACIl
JopBFbfDLENL,Jp,Ik,nlgFckepDM,eAAA
F,kckbiLFbhJ,ACGepENJoopBEOOM,iNLE,PPPciNLC
lfFPb,GfDKBFadmkdm,ckdopDLDLFbiLE,OMIkckep,MG
oACGeABFcj,fCGfDJpBE,afCJmjbf,Pcj,OMHiNKAA
Hh,lfDKA,E,admiNKCH,FcjafCHgHgHg
fFPb,GfCGeBDLFack,ooBDMGfCGf,KB,KB
LF,gFaeBFcjP,iMFckdoAB,adm,NLCImiNJpBFbg
fEPb,GeAACHiMIjPP,dnlfDLFac,dnnooACGfEMHiO,JopENLD
opBFc,bhKBFPbiLENKpD,DKACHg,iLEO,JnlgFcl
BGclgFbfDLD,GfEOOMG,ACGepCGeBEN,EMIlfE,KAACHgH
LCJnlgFciNLD,FPbiMG,EPPPbhJopCH,FbhIlfBGdnmi,HgIjaeB
LE,bfDLCJmj,bfDLDMHg,jbgHj,NLCIkdmk
jPadoopDKB,LF,fDJpBFadm,MGdopCGfDJpCI,ckbhKACHgGdooA
Jm,adnnlfEOOOMIk,iOMHhJmlfC,iMHg,aeA
C,fCGd,oADJoBDKBEOMGepD,CGeBFa,oACGeoBENJ
mkclgFbfENKBDLC,keACH,FbfDKBDKBDLC,nlfEN,nlgFc
cjOOPPPafCHhIm,MHgFaeoBEMHiN,miLEP,dlhJnnnlh,mkciO
JoBDMFc,dooABFbiMGdnmj,cjPcjPbgF,jONLCIjack,miONJnlhKp
MG,lgFbiMIlfC,nlgGd,lfEMHiMGdmkdnlg,iOMI
gHhJooBDKCHgIj,gGfEPPbgF,hKpDKpDJo,CIkeoBEMHjOONJnn,hJmkclgHiOMGfD
Gdnmkbi,EONKCG,pDJnnlhKABE,JnlgFbi,JmjPbfD
GfDMGeA,B,NLE,MIlgHjOO,LDLFack
AACIjbhIkdo,B,Pci,KAACHiN,CGfCJm
dnnnnnnlgGfENJ,lgFbgFadopCGeAB,KA,C,leBFc
bhJnmiNJoopCI,PPaeoBENKBFaf,Gf,LD,nnlfE
NLCJnmkb,MHhJnmiNJmjPP,iLENLCIjb,EMIkbiLEONK,Ge
DKACHiNKABDLDMHg,fENK,E,MGfDMGdl,JoACJmjafCJm
PbhKpENLDKpDM,fDLE,HiNLFae,EOMGdmiNLENLDJnn,nmhLDLDKBFbfENJ
AAABDLEPaeBEONIm,NJoopCImiNImi,LDKACIl,JmjacjaeACHg,eAAD
oopCG,DLFackbiMFc,afCHhJmiOMGdn,fFPbhLDLFbhIlf,Jo
BFaeACJmjPbfDKBE,OMIlgGdn,nnnmkclfCIkckci,MHhJmiON,miLEP
aeBDKpDJ,BEPaeABDKpENKCGe,DKCHhJpBGclfEOMI,PbhKpEMHiMHhI,dmjOPPaepBFbgI
bgHhLCJmkcjOO,OMGfEPac,PbhKCHhJmkdop,F,dmjbhIkdo
pDLENJopCGfDLEMI,gGfDKCGeoBDLEN,DLEONL,ado,ABEOMFciNJnnmjbf
NLD,HgGeBDL,MHi,HjOOONK,F
dmiMHhKBD,ACHgFb,JoABDKAADJoA,E,KCGeBFb
GdnnmkeABENL,KA,Hi,NKABGdnl,ImiLEPPadnmi
EOONLD,CGeBGd,kdnnlgGdmjaeAAA,A,G
lfFacjbhJn,nnmjPbhJpCIkckd,iMGepCHhKACJnmk,pCIjPaepCIl,LDKpENLDJpCI
cjPaclgGdnnnmh,DLENJp,E,NLCJnlfD,BEONLE
PbiLFaeB,cjP,ackeBEMI,eBDLEOMHgHgGcl,DLEOMHhKABE
KpCJmke,A,C,gGfC,fCHg
eBFb,ENLDJoBDLEM,jOOO,KABFbgG,CIlfCJnmjac
bgFackcjbhJnm,LFadoAAABDMGe,B,afC,jadmj
ONJmkeAA,G,nnmhLDLENJ,jOPPPbgGeBEPbfE,HiONKCG
ABFaepBEPPP,gGfCHgGfC,epCI,PaclfENLCIlgG,CJmjPbhLCJn
kdmjPPbgFadnlfE,JnmkepD,BFPbgH,JnmkdmiLFbhL,LF
clgHhJmlf,Hg,jaclf,KA,D
nnnno,pDLCIjadmkdmjPbh,kcjOO,LEOPPPb,ENLFPbgHjON
DKpDLE,LENKpDJ,oAABEOMGdnmiNLEP,epCGeABFc,epEOMGdnmjPbfF
cjadmiLFb,DLCJmjPadmk,keBDLDLEPa,nlgHgHgGdo,pCHiOMFciNLFPcjO
MIjPPaeA,Gf,LE,KACJmja,DJopCHiONIl
JpCHiLFadnlh,BENJmj,PadoACHg,epDK,E
PPbhJoop,LE,OMGdnnlh,opCJn,iNLFacjbhIkckdn
keABEOOPPPbiMGd,kcleBFbhJooAACI,hJnnnnmiMHjOON,DLDJoA,Gf
Jo,D,BFciNL,NJn,jackcjackdmjafC
mkepE,LDKpCJm,ciNLENIlhKBEPa,pEOMHhJnlfD,DKCHgG
AACHgHhLDKB,OPP,ckciNLENL,Im,NImiMGfCGepDL
OON,ENIlhJ,ACIkdnnmjbfENKBD,FcjPadl,KpDLEPaeoBDM
eAAD,oAABG,nlfDMGfFPb,GfDMHhJnnmiO,GdnmjPb
LCJnmiLFbfDM,fCIk,mkepBENLEO,FckeAAC,iNJo
pCJmiOMHhKBDKBFc,NJnlgFckdmiNJ,nnnmjONLEONKACH,MIjaeBEOMGfCH,IkeABEPaeACH
KBEPPPbhIlhI,gFcjOONJmjPafC,fEMH,LCJnmjPbhKAA,Jn
iNJoAABENKACHgH,IlhKABEOOONJ,BEPaeABDLFPbhIlh,keACI,eBFbhJnnmjPbgF
jaepDLFbhJ,pCHgHiONKBEOOOOM,dmiO,HiNKABE,NLDLDMGd
iNKCGdopDMGdlhJ,lgHgHhKBDKBFciN,DJnoop,Hh,opCIj
bhKACImi,HgGepDJ,nmjafCIkepBEPPa,BFackdoAABD,ENJoAD
nnmjP,hJpCGfEMH,MIkbhKBDJpBFb,DMGdmkdlhLD,oACHg
bgG,BFcjPbgHhKA,Hg,doop,MG
lhKpDJnnlh,BFbgFb,ENJmkeADJoA,Hi,GeBFbiM
gFbg,hIkd,hImiNJopBGdmkd,kckdoopCImiNKpE,MHgGdopD
GeBGclg,fEPb,GeBFaclfCImi,DMFcjb,HhIkbiMGfCGf
MIk,kdnnlhIkdo,CHgGepDKBGdnmkck,mjONLDKAAC,leBEP
bhLDLCJn,iLFaeBGdnlgHiNL,NLC,mkclf,MG
nnlgFackck,lfFPbhKABF,iLFPbiMIk,pDMGdoABENL,Pae
B,bfE,JmjOOOO,JooAACG,EPPbgHgHgGf
ONL,MF,iNJnmjbfEO,KpDJnnm,NJpBEOOMIlfEN
mjbhJ,oABDKBFackdoABEP,cjafCIlhI,bhKCHhKBDKCHiM,cjP
admjadmi,EPPbhL,KB,dmiN,nmiMF
jPadmiOMGe,DLEPbgGepCHhLCIk,pDMGepCIjOP,aeABDLFa,nmiOMHiOMI
aeAACJnlhIlgF,gFaepCJmj,epCHjOONK,C,fENL
bgF,eBFPbhKAB,MIj,fENLEONLE,KABEPaf
Ij,cjbfEPadn,kdmiNJopBFaepDJ,ABDLDLEPadlhJnnl,LDJnnmjbgFbf
NKA,F,fENLFadnl,JpBEPaepBEOO,KpDKABF
cjPadmjP,admjPbiM,jbhIm,NImiLFadnnnlg,fENK
A,Hi,EOONKA,E,LENKABD
BFbiMG,lgFadmjbgH,LFPciOMHhLDLD,BDLFaf,Jo
AABENJmkepDLCImi,KCGeAAA,Jm,bfENLENLFbfDK,D
FbfEON,DLCJmk,pCIjaepENJp,Gf,Pbf
OMI,hIkdmjPadoABDK,CImiNJnlhKpDKpDJ,opBGdmkdnmkdoABF,fCImiNJop
KB,dmkb,MGfCHhJoACJmj,dopCImiLF,gFckdlhKA
C,jacja,opDMFckdmh,DLCJmj,biMIkbhL
Ij,gFbfEPPbg,iMIl,IlgHhJooBEMI,eoBENKACJnmiMG
miMHgIjadn,gFciOMGfDMHhIk,iOMGdmiNKC,iNKB,ONK
A,F,ckeBDMGep,G,nnlfENImhL
LD,AABFae,C,eABE,ONLENKBE
ONLEOOON,DJnnlh,AABFbf,KC,eBEN
opCGe,EMHiMIjPPaeABFae,A,D,Fackdn
fENJmkclfDJopB,OMG,AABEONLFbgH,KpDKBDMHgFaf,Jn
opDKpDMGdnooABFc,OMIlgGfEOOONL,bhJ,CHgGfEPadlhJnmja,ooABDLDLEN
oACIl,DKAABENJnmk,mjPPPbhKAB,biL,Pbg
fEOO,LEMHhKB,aeA,E,bgGdmkdo
BDKBDKBEOPPaepEN,DKBGdn,opBGdmjbhJopCGfE,MHgHhJnm,OMIlgFbgGfCHi
KBFadmk,BENKpEMIjbf,MG,opEMIjPbhJ,BENJopDLENLDLFad
oAAABFackeoBDLEP,epEMIkclf,NJo,B,MHj
ONJmjPPc,PbfEMIkeABFae,D,ENLDJo,CHiOMHiLENKBEPac
bfEMIkeBDKBDL,Pbf,KB,ciN,EOONLE
afCGepCI,iLEPaclfEONJnlf,OMH,OMGfDLFackdnm,ciNKACIlgGepBF
eABEOMGeA,D,oAABF,bhJnmjPb,JmkckeABDMGd
kdmiNJmkepBFacj,gGeACIjbg,bhJ,keABENKCHgHgHhI,fENLFbhJpCHgFb
DKADJnnmkbi,ENLENJ,leBFbhJoAAACIkc,ckckdnnlhLCIlh,DJooBD
ACHjOO,MHiMHiNL,OMG,pDJoAAABDMG,ENKBEOMFbiM
hKBE,PPPbhJnm,dnnmkdoAADJoAA,C,fCHi
MFckepDK,A,B,bhJ,BFadoABFadnoopDK
B,adm,ONLEOONKBDLDL,OMG,BENImiNLCIj
gGdnnlgIj,PPciNLFa,lgGeBFafCI,PbgIjPackepDK,F
clfENKBEN,EMHiNL,NJn,mkcjPadooBDMGep,F
iLFaeBFac,bgHgFaepEMIja,lgHgFafCIl,ENKCHiLEOMI,fCIjaeoBDLEPPa
nnmiNLEMHh,CIjPac,bfENJmkcjPbgG,pBGdlhLDKBF,ciNJopCI
fENJooBEMIlfEN,DLDLFb,GdnnmiOMIleB,clf,Hg
dmkb,MGdlhKpENKpDJ,opDKCGepCHhIlfEO,HhKACHh,nlgFc
clgGclfDLEOOMF,jafDJpCIja,lgGclgFciN,Fadmkd,miMHgFadnnlhJoo
ENLEONLFacjaeACH,HgFadooBDLDK,D,DJpCHh,kepCG
pDMHhJnmjPa,CIkckdoABFa,kcjPciONKB,cja,ABFackdnmke
D,CGeoBD,FbgHgH,LCIkeBENKBEM,iNJo
C,iLEN,mhLDL,MHh,AABGdn
lgGfCHgHiMGfCHi,LDKAACH,JoBDLDMGeBGc,gGdopCHgGdmkbi,FckdmiM
gGfD,DLFbhK,Ge,DKpDLDLCIkcjaclf,Jn
fCIjPafCIjPcjP,gGfCImiLF,gFbfENJmk,hKAABFaep,Jm
OOOMHhJnlgGep,NJn,iLEMHiNIlhLDKBD,pDLFbg,iNLD
CIlfCH,LCJmjPadoopD,HhIkbiL,NLE,MIlfCIlf
MH,IlhJnmjPbhIm,LEOMIkcjPPPbg,eACI,gGeACJmkdlhIkd
ACIjadlhJmkeABDL,Pae,B,NLE,MHgGeAAA
E,HiMGeAA,D,CJnlgF,dmiNJoABE
LCIjack,mjbgGclgFb,EPaeBEPbfEO,OOMHiMIj,PadoopCH
GeABDMGeBENI,iNJoopDJopBGdlh,BFacja,lfDLDKAABE,KAACIlg
fCIk,kclgIjadlh,miMHi,IlhJpCI,bgGdnnnmkckeB
MIj,PafCJnmj,PPPbhIjb,JopBFbhKCHjO,NLDLCJmj
gFadmkcjP,fCGdopCJm,bhLDKBGdmjaepE,LCJnlfE,JmjOPPa
kdnlgFafDJ,ooAACJmkdnmjOOM,doAC,fCHg,cke
C,kdnnn,gIjPbfEONJoBEM,keADJ,nooBDLEPPbiLEMI
epBFacleBFcjON,DMFcjO,MHiMHgIj,eBFaclfDM,hJnl
EONJpBGdnnm,ONJmjOOMGfDKp,LF,fDLDLCJnm,PbfDMGeAADJoB
MH,GfCHgGfDLDJo,CHiMGeABDLEPadnl,HhJopBEOMIjP,bgFckcjO
MIlgIjae,C,epCI,adlhLCIkcjONL,LD
pCGeo,D,BDKACH,GdnmjPbfDLFa,BEOMFckdoop
Jn,fFPbhIlfDMFcjP,iNLDJpCHiM,lfCIm,NKBGdmkdlhKBD
CJmjac,dooBENJoACGepB,dmkd,hJnlgFbgGdopEO,HhKpENK
Hi,EONKAB,KB,ciO,HgIjPPc
NLFbhIlgFcjbg,cjb,EMHiLEOONKB,bgG,opDKAAABFP
iMFcjPPci,MIkcjPPa,kbhKADJoAA,A,C
eAAB,adm,ckdooBDLENJoAC,fCJm,acjaclgFbgGdo
DLDMHgIjPbfEPadn,nlhLCIjbhIkcjPP,iOMGdoopCJ,kdlhJopEOMHhIlf,NJp
Hg,biM,dopD,pCHhJ,pEMHiNJnnnmkepDJ
CIjPadnmkdnnmiNL,Ij,bhKpCIke,BEPPbfEPaclfENJo,A
C,lgHiN,ooBDL,PPP,fCGepDJoB
KA,A,D,HgHhLDL,LE
KCHhKpD,FcjOOMG,oopCIkciOM,hKCG,DJpCHiNImiM
keADJ,opDMFckdmkcjaclf,Ge,CIkckciNKpDLDJoA,G
nnlfENLDLD,GepDJoA,A,Ik,jPaepDJnnm
MIjPPcjPadnnm,MGfCIkdmkbiMI,bgFadopEMHiMI,ckdlhKBEPPacjP,iNJnlgFbiM
gFad,hIkepBFbhLDKAB,PPP,fDLDLDKCG,BGdnmjafCGf
LE,LCJmiON,BEOOMG,mkeAAAABFP,hKBFbiMHi
LDKCGeB,bhI,fDLENLENLEOMHg,cjb,GfBGdnlhKCHi
KpEOMHi,JpCHhKp,OMG,pCIkdmjPbiN,lhKAB
MH,GdnlfCJmjPbh,CJnlhJ,CGfDKBEONLENJnnl,ENLFbgGepCG
ENKACHhKpDK,A,D,pBGdm,NLFadopCImiNK
C,lfCGf,Hg,eBFc,adlhIlhIlhIlg
gHhK,E,PbfEOMIj,fDJoBDKpD,nnnmj
aeBGdlhI,hKCGfDJoABFbfF,bgIjPPPc,OOMGdopDMGfDJ,pDLFaeBDLCIkeABG
lfFPciONKA,C,hJnl,EPbgGdoACGf,KB
bfD,DJpBFb,KACIjadnmiON,BDJpBG,mleBFbgFbi
EPPciN,oACHi,DMHgFa,nlhJpCIjPP,epBFaepDJ
nnlhLCIlgHhJnmj,fCIjacjae,EOMHiMIkckdmkcjb,GeABEMIkdnnn,fDMFckepDMGdmk
pENJoopENJn,fENLDLDJoACGfC,jadmk,oAACGfDKBD,DJpCIk
kdoopENJml,CHgGeBFckdn,jPafCHgGepDLDLE,LDMFciN,DLDLFb
IjadnnlhKCHg,bgH,FciNKBDLDMGf,Jp,E
LDJnooA,Ge,E,JnlgGfC,nlhIm
NJmkeABEONLDL,NKB,NJo,A,G
mjPPackdmi,MHhKABFa,ABDKBEONJnl,JopENLEOPPad,pCHgHhIkckdmkcke
A,E,JmkeAAC,lfDLC,mjPad
nmiMHiNJnmiONKB,bhK,E,HjOONJn,mjPaeBDMGeABEOM
jbfFa,kbhLDLFaeA,D,oABFc,bfDLCJnlhJnlg
gHhJ,jbgGdmkdopDKBEM,kepCJ,jOOONKBDLFbfEMH,MIjOPPackeoBE
IlhLDJn,nooBDKABDLDJoAA,D,oBDKB,biM
eBDM,eAAC,lfCIl,CGepEOMGfDL,Im
LDMGfCJnmiLFa,nnmjPPPbgF,hKAACHiOM,lfCIm,NLFbfENKACJmj
PbfENJmi,MIlgGepB,Pbf,OOO,ImiMHgH
KBEOONLENImi,DMGfDM,clgH,LCIjadnmiLFa,CHgGfCGeBFa
BDKCHhKABEP,gGdnlgFaf,Il,IkeBENImiMHh,pBGcl
GdlhKBENKpEO,GeABDKA,Hi,Fcjaclg,fDLE
bfENKBDK,D,ooAAC,gFbg,jadop
Jn,hKpCJnmiMIkckc,NJnmjaepBEPaf,Ge,F
hJpBFadmi,FbgGdo,ABGdmjOOOMGfEMIl,BFciOMIkbiL,OON
opEOM,iOMI,bhKpCIlgGdnnlf,Ik,mkcjbgFbiM
fCIk,nnlhKpDLFa,DKpDKACHiMH,NJmjbgGfCGfCJ,iOMHhIkdlhIlhKp
NLE,aeBFcjON,ENLENK,F,kciNKBDLDJ
oABDMHhJnmiNImiM,iLEP,fEPafCJmk,AACIjaeBENL,bgF
gGepCJmiO,HgHhKpD,BGdnmj,adnmjbhI,eBFbgHgGfDKBFc
bhKACHhImiNJnl,DJopDJpCIkc,eBENKCHiMHhImi,KBDKBEO,LDKpCJn
fDLEOMHiNJmjac,biLEPaclfCIjbh,mkdoA,F,kdnnlgHgHg
gHiM,hJnm,aeAAAAACJnlgH,HiONJopDKABF,epCIjbfDM
doAA,Im,LEPbgGclgHgIj,epCGfEOMG,mkdmjPbgGf
Ij,fCHiOMGep,LE,KAACHgG,DJnooAACGeB
bfE,aclgFbgG,DJopDLDMHhJ,pENJopBENLEONKBD,CIlgGd
hKpDMGfDMGfCGd,pDKCGfCHiNLCIlhI,dmkclfCIlhJnlf,OMH,NLEOPPadlhKBG
nmjadnnmkd,mkdnlgFbfEPafCH,NLENKCHhKAACG,CGfEOOOMIke,DJoBENKABFadmiNL
KC,hJpC,epDL,MIj,dnlgFbgFc
PadopCHiMHhJo,E,IjaeBFa,nnnlhJmjPc,PafCHjOONKpEN
FbhKAB,NKB,dmiN,oBDLE,MGeBEONL
bfE,MHiLENJo,BDMGeoACImiLFbgH,FbfEOMIjaepE,HhKBEPa
miMHiOMIke,DKAABENJnmiNLEON,BFclfC,hLCI,hJpCGfCGfDKACI
PaepDJnnlhIlf,Hg,jbgFc,ONJnooACHhJmk,oopDJoABGd
hIkbiMHhKpCIlh,pDKCGf,MIj,clgGdopDK,DKBDKBFcjOOOPPPb
HhJpBENLFaep,Ik,pBFPciOMHgG,pCJmjOONIlh,CJmjPa
jadmkdnoop,KC,iONK,Hh,opCIl
GepCHgFbiLEN,ENKABF,hIkciNJno,pDLENJmjOONKCGep,KA
D,ooAAB,NLD,FafDKp,Jm
PackeAABFaclg,adn,miLFbhKBFckciNJ,ACHgGdooABFcjPae,C
iNJp,F,kdlhIleBFb,LFaeBFackbhLD,DLCIjb
IlhKpCIkepCI,eBDMGeBFbgHiNK,E,KpDKCGe,ACIlhIkdooABEONJ
kdopCIlgFadoopC,hJop,G,nlfENJopDK,F
doABFbgHh,ACHiLD,FbhKAA,Ij,epCHgGdmj
cjbgFciNK,F,eABDMGfDK,C,iMIl
CHhJpCGfDLD,ACHgGf,Il,CJnlhIkdnnl,EPaclfEMHiL
Pbg,jadop,Ge,CHhImiMGfENKBENJ,nnlhKBDKABDLCIj
eBENKCGfD,GfENJnl,JopCGdooACIk,nlhIlgHiNL,Jn
mjaepBFadnlhJmj,gHgGdlhLC,kdmjP,adnmkckb,LEOOMHiOMGeAA
A,B,LE,bfEOMIlf,MH
GepCHiMGdmjP,clfCHhJpB,Pad,hKpENLEONLFack,nlgGdnlfEN
BDKBEN,oACIj,epEMIlgGe,ENKpENJoAACGfENJ,pBEPadoABFbgGdoA
Gf,LF,eABFbiLEN,CHiLFb,LCJmjbfEONJo
C,mjbfD,BDMGfC,fCIk,lhLCIlhIkc
PbiMHhLCJmkcl,GfEPbfEPaeBF,fDJopCImi,EMHhJo,C
kbiMI,dmkeACHiNJmkci,NJpCGfCJ,iONJnnlgHiOMFci,JnnlgGe
F,fEMIlgFcj,OMGfCHiO,Fcjaclg,eACJ
kclgFbiMHiMGdmj,aeBEONLE,aepDLDJo,CHiNLCJnlfDMGdnl,ENKBGclgGfD
pCHhK,B,PPb,LDJnnlfENLEN,EPackd
pENLENLEOMGepDKB,Pbg,iNLC,mjbhJ,keAACHhJnmiMIlf
NJo,CIlfDKACIjadmkcl,DMHgGepEMIl,BFadnnlgFbi,IkciNJp
Gf,KC,hKAC,nlgIj,aeABFbiM
lgFci,KCHgHiO,KBENLCI,hKpEOMGfCJnlhI,iMIkdnlgGeACHiM
lgIja,lhKACHhIkd,iNKBENKpDLDJoop,Jn,fDJopDMFcjPPac
gFbhImiMHgFaeB,MIj,gGfENKAAA,C,jbfDM
gHgG,DLEOOMHgGfE,bfFacjad,miNJpCHhKBDKpEN,ENJopC
lgHgG,CIjPPbiLEOO,LDJoACH,KBDKCHiLDMHh,lgHhJ
ooACIlhKBEMHhLD,ENKBDL,adn,gHhKCHjOOMIjPa,AACHhKAADJo
EOMGdnnnoopCIjbg,cja,jbhIlfDKCG,EPPPbiMIkcj,OOOONKAC
mkdnn,lgFbgHgHgIjPbhI,clfCGepCJmkcja,BDLFadnmiMI,aeBEMIjPPbgGd
pCIjPPbhIkdmjack,oBDLENIlhLC,nmjad,mkeAAAAABDLENLE,IkeBDMF
lfBGdnnoop,MH,HiMIjbgGdmkd,AACIjbfDKBDLENLF,fFacjaeBE
LFbhKBFa,opCIlgIjPa,BEONKBEPPbf,NKB,Kp
OMG,mkdopBEPae,D,AACGfE,JopBEPa
opDLFbgIjP,gGfDMHhJo,BEPadmkcjadnoopB,cja,pENJnmjbhIl
EMIkdnlgGcl,HiONKCHhJnoo,EOMHhJnnnmkdmkbi,IkepCGd,ABEPafCGdoACHgGd
iMGfEMIkepDLCJm,bgGdopCHhJnlg,adm,MGfDJpCHiNJop,LE
PPaclfCJ,miOMGdopBENLDKC,hKCG,pDLCIlhJnmk,nnlgHhLDKA
F,hJnnmiNLD,CGeBFb,LENLEOOMHgFae,A
F,hLDLEPPbf,LE,MIkciNLE,NJoACHgG
EMIkcjPbhJn,mleBFbgHgHhLDKB,LE,NLENJooA,Ge
A,C,eBFb,EOMIjbhIlhK,DJoBDLEMHhKBFbiL
OON,ABDKAA,E,JoBENKA,D
pCGdo,BFbgFbfDKACHhLDK,D,Fcjacke,D
GeABEMI,gGdnmhLDKCGfEP,PciNKBEM,lgGdo,CHgFadmjbfDMGeBD
CGeACH,GdopBFbhIkdm,dnmkclgGdopENJ,lgGfENLFackepDL,Jn
iLFbgGclgHiLENL,LE,aclfCImi,LCIjaeB,Pad
oopCGeBGdmkdnmi,IkepBEN,EPafDJ,ooAABDLCIjPaeBE,NLFackep
Ge,B,OMG,CHhIjbhIkdo,pBEPPciONJpCHjON
DKBEMI,fDKACHgGeBDLEM,kckdn,fEOOPPPbgHhIlh,oABDL
bgF,jbgHiLENIm,NJnnlhJmjbgGd,miNKBENImiLDMHg,clgH
IlgHgGepCGfC,nmiLE,OMHhJmjO,NKCHgGfD,GeADJnn
mkeACHgHgFcjbfE,ONKCHiMH,NJnmiNLCIlhJn,oopBGclgHgHiOMF,jaeAACIlhJ
AACGeBEONLCJmiOM,fDKA,Il,DJpCGeBEONK,C
fENL,LE,JmiONJo,CHgFclfBGdnoopCJ,kclgIjadlhKpENI
hLDLDJoABGdmiLE,JpBEOOO,NKAACHgG,oAABEPPbhK,A
D,opCGf,Pbh,kclgH,IlhKAACGfEOM
kdmiN,AAACGf,LE,OOONKABE,PciNKpCI
gFbiLENJoABDLE,ackdopCG,EONKBFbfENJ,pDKBDLFaeACIjbfF,ciNJoABE
KACJnmk,iNLDKABFbg,iONJ,ooAAACIlgGfCGfD,FPbgHh
AABDLC,nlhKB,dmkc,gHgGfCHhKpDLFa,kdnnlhKBFc
OMHiLEOONJmkc,gHgGdnmiNKABEP,afCHgIjb,FcjaeABEOONK,DJnooACIlgFcjbhJ
BEPPbgFadopDMHgH,KBDLENLFadoA,A,C,nlhJn
gGfCGeBFbgHhJm,PbiLEPbfEMHiN,mjbgH,FcjaeADJooAA,B
Pbf,LD,BENKpD,oACGf,Pae
E,NKCHhIlh,CIlfDL,bgF,gHiLFadoo
A,Gf,NKB,LD,CHhIlg
gGfC,nmkdm,LFbfDKBFadnlh,CJnmja,pEMIlfDKACI
bgGdooACHhJoo,CJnnlfCJmjPPaeoB,MHi,ENLENJ,kbhKCHgHiNLFbfE
aeBFbgIj,afCGepEN,mjack,kdlhJmjbgH,JmkdnnlgHgHi
GeBDMGe,E,NKBDMGcl,HhIlgHgFaeBF,hLDLDMGdn
gGeACIjafCGeAA,F,dlhJnlhJo,D,EPPPbg
dmiM,doAA,Jn,nmjafCJmkcjaeoB,NJo
C,iOMH,OOOPPPbhJnnoo,B,bhK
ENJpCHiOMGeBEPac,fDKBEMIjPbhLDK,A,Im,LDLDJnnmkciO
KBFPbgH,FbhIkbhKBFae,F,gHhJopCIm,NJnmhLDKCHgHi
ENKACI,dnmjafCJnlfDJp,Hi,LFafDJo,AACIkeABEOOMHgFa
kckdnmjack,lgGeBFbgIj,fCHiMHiLE,Jnmjack,kepBFafCGf
KA,C,eABF,gHhKpDKBD,pCIjP
gFaeBGdmj,ONLDLFbh,kdmja,CIkdnnmiOMH,GeACHgGdmiNJ
oABFcjadnmkbiLDM,hIkc,fDKBEOOMGdnlfF,biMFckep,Jo
pDLDKBEONJnnlgFc,PPbiMHiMGdmke,C,fDKB,KC
fEOO,GeAAABD,GdmiMHi,MFbiMHhL,Jo
D,AABENJ,CHhIlgFbhKBEPacl,FaeBFcjadoAA,Gd
opCHjONLCImiMIlf,Jo,ACGeBDKCGeBDKCHg,bfD,CHgHgG
lhKBGdmjPa,mjadmjbgGd,iMHiNJmkdmlfCGf,OON,ooAAB
KA,Ik,lhLCIlgFbg,fCGe,CJmkeoBENJmjbhIm
MGdnlgFbiMIke,A,D,CIlfCI,PciNLEPPadopD
BDMGfD,DMFckd,opDKCHhIlgFbgGdl,KAACGdoABFcl,CIkckdooAAC
nmiMG,oopDLFaepD,AACGfD,HgGfENK,B
dnlh,nlfDJ,nlhIlfEOONLENLD,ACGeAC,eACH
LDLCIlhKCGeB,ONJ,kbhKAACHiMHgGdm,NLEOOONKCGdoo,CHhKABFPbhLDKpDK
E,HhKCHhI,gGeAABENJnlgFc,NJnnmiNJmkdlh,pCHgG
CJmiOMIkckd,opDMGfCGeBEMHiNK,E,PaepCHiL,ONJ
oBDMGepDKpDLFaeA,Ge,E,aeABDKAC,miMIk
pDKCGfFPbhK,F,gHgGdmjbg,doAB,OON
nmjOO,OONLFbhI,eBFaeBDKBEOMGd,miNLEMHhJoBDLDM,gGfC
nmjPP,iNJmjaeAA,Jn,kdopENKADJnnnmk,jPbgGdoopB
adm,bhKACHiMGeACIl,JpBFadnnnnmk,ABEOOOONImi,ENJoAC
fEOM,kdlhI,hIlfDKpCJnmkeB,KC,gFci
LDKBENL,OMH,GdoopBFaeADJ,ABEPbfDMGfCHgFbh,mjado
CHhIlhIlhIleBEPa,lfCHhJpBGd,lgFadmkclgFbgIj,epDMHgHhL,LE
PPbfEPbg,dopE,LDKBGdl,LCIkeAABFafC,kepBF
eBGdlhJmk,jaclfEPPbg,fDKp,Jo,A
F,hKBFcjPbg,gIjP,aeACHgHi,JopDMGf
LE,LENLENJ,jbfEOMFckeACIle,F,gHgHgFcja
CHiMGepENLE,PPbiNJmj,clgFciNKA,Hh,mkcja
kclgHjOOMI,bhIlhIkclgFck,pDKAACHiMHh,CIjPac,bgGdmjPPcjPPb
GfENLEPadlhL,KB,ckc,eoBDKABEMHhKBD,pDJnnm
fCHgHgFadnlfEN,ACIlgG,BFaeABEPPbg,cja,pCJmkcleBFc
fCHhJnlgGclgHi,GdnnlgG,nlgIjPaeBD,pDKACH,MHgGdmjadlhKC
fDJo,CIjaepDKpDKpCImi,IkclgHg,eBEO,LENLDLD
FciOMHg,fCHg,bfD,FbiMGd,nlgFcjbgHhLDKBF
gFbfENKpD,GepCGep,Hh,CIkciN,opEOM
gFae,D,GepCIkd,kbhKACIjadopCHi,EMIkdm
LEOOOOOMFciOM,eBDL,bgH,KCGeADJoACJm,ciOMHgIjackeAB
OON,CJnlhI,ckdnnnooBDMGdm,aclgGfEMHhKpC,kdoAC
fDKB,ado,CGfENLFafCGdopBF,fCHiLFPcj,OONKpDMF
lfCGfCGeBF,hKpDLFacj,dooAABEPb,GepDKAAAAABE,PackepDM
epDM,gFci,JnnnlgG,lhKCGfCJnl,LCIkciONJnmk
nlfDLCIkdo,C,iMHi,LDJoBDL,OOM
kdoAC,hJoB,Kp,Jn,gGfDKABENKCGep
NJm,bhKABFPbiMGfCH,IlgGfEPaeBEO,Padmkckc,PbgGeBGclgHhI
eoACJmjOONLFae,CIlfEONLFbhKAACI,gGfENLEPPcjOON,pDKABE,JmjbgGf
Jo,D,BDLFbg,bgG,ENKCHiNJnlg
hJoA,B,NJp,Hi,FbhImi
JnnlhIl,GfEOMHgGdmjb,GepCGeAAABFc,bfEMIjbgFclfC,mkepB
OOM,fBGd,lhKBDMHhJnnooAA,A,Im
MGdooABEOMGdm,eBDLDMGfCIjadm,bfDLDKACHhKAC,hKCH,IlgFbfDLDLFP
iNLFPcjOOL,biM,cjb,GeBFadnlfENK,F
bgHgHhKp,NLD,CHgIjP,dmkeACHiO,FbhLDL
bfD,ACGeAA,E,PbgFbfEP,bhKACIjb
IjbhJoABEOON,mkckd,hLCJmkciONJmjb,FbhJpCHgIjPb,LDKpDJoABFae
CGfDLFbhLDLFPbhJ,jbfDKCGfCHhJpCG,oBDKACJnmiL,bgH,NLDMGdooAAAAC
jacja,kdnmiMGfCG,pEOMGepDLEO,IjPaeAB,Pci
MGdnnmkd,jOOOPPadmiLEONK,A,Ik,kciOMIjPbh
CGfEPa,BFbhKCHiNJp,Hi,LDKBDKA,F
iOMIjPaeAA,Il,JpCHhKCHhKAC,hIke,CGeoACJnmiLENJnn
keAACGfDLFbhImi,GepCJmj,cjadnmjPc,OOOMHgFbfDKAB,PPb
EONKBDMGfEN,ENKACI,biNJmkepDJoAAA,B,adm
adnnmjONLFafC,hIkd,kdoopBFadmjbfEP,eAAACJmjO,NLDKACIk
kepENJoopE,ImiNJnl,GfCIjPaeABDM,hJoo,DKpENKCHgHhKABEO
GeAAAAB,adm,LFPbhIkeACHiM,epCH,MGeACJmjPbiMG
ooACIlfCJm,dmiOMHhJnmiNKC,hKpE,JnnlfCI,fDLDKBEONLEMHi
IlgHhJo,D,pDJoAB,LF,bhJoBDLC
kcjae,BDMFcjbgIjPPadnm,bfDKBEPaeBEMH,NJpBFbhKACIkc,aeABEOLFbhLDK
ENLEPPbgFbiMGfFP,iMIkdmjOO,NKAACHgH,LDLEOMHgIjac,gGfEOMIkciNKCG
ENJooAAABFc,OOOMGfDLCJnmj,PciNLCJn,kdnlgGfDLDLCIjb,HiMHhKBDLDMF
iOMIjbfENJ,jadnlgGclgHhLCI,admjPackepEMH,KpDKBEMIjaeB,LD
CIkcke,D,CIlfDJ,oopENKpEMIkdopE,KADJopD
FadmjO,LFaclfD,ENLDMG,mkdmjbgHiN,AAADJn
lhIkdopBEOOMGfE,KpDMGeA,A,F,fCGfCHhKA
Jo,BENJopEOMGfDJoop,F,jPacjaeoAD,ooABE
LDKCGep,Kp,Jp,Ij,cjPbhKCHh
nmjON,EPaclf,Ik,oACHjOOMFc,dmjOONLEPPPcjP
adoABFac,dmkbiLFaeBDLFb,JopBEONLEONJ,CHiOMIlgFckdmiMH,HiNKpENJpCIk
mkeBDMFcja,nlfENLEPae,A,D,BFafCJ
jPadooABGdlhKpD,FciNKAA,F,eBEPbfDMF,iMIjafCHi
EPafDJ,BDKACJnlfDMHgFbg,gHiM,jbfEP,bfFPciNJ
nmjbfDMGeBDKBDK,A,Il,GdopDLFaeoBE,HhLDJpC
hKAC,jaeAB,LE,KpDKBEP,fEONJoopE
LFbhKpC,lgIjP,hImiMGfCI,hKACHiMGdmjPbf,NJn
lfDLDJpCGeACIkd,mkdlhIkdnnmjPae,E,LDLCIjP,dnmiNLDLE
JpBEPad,kdnmiNKBDLFadlh,BDMFck,pCHgFbiNJmj,bfDKBEPb
FbhLDLDKACJn,fDJopCGfDKABDK,E,bfDMHgFb,GfCHiONKACHg
iNKp,NLF,dmiONKCGf,ONJ,CHhKACGeBFckdopC
jPbgG,EPackdoABFa,BEPbgGeACIj,cjafCGfDL,OOM
cke,BDKBFckeoBDKABDM,hIkc,biMIjPPaeAABFc,NJnlgIjaeBFPb
JpCHgFbhIkeA,Hg,gHhJ,pCIjadopCHgIjbgH,LCIjbgFadmke
A,Jm,PPcjPPbhJpBFa,ACGfCIkckeA,B
LF,bhJoopBF,bhJnmiMH,MGdoABEPPbhJo,DKBEMHhLCIlhKpEN
BGdmiL,aeB,dmkb,KBEOMGeBFbiL,acj
gGdlhImiL,bgF,gHhLDJnno,ABEPPaeBDMGfCJnm,LENLFbgGdnnnn
fENJopBEPadlhK,E,PPbiMGep,Jo,C
hLDL,LF,doopCHhKA,E,IkbhKCH
HhJooAACJmjO,PPciNLEP,ckckckdno,pENLCIkdmiMIlfEO,KCGfEOP
PciNKAAB,OMG,pBFbhJmkdnn,iNLDJooABFckeAB,acj
gFackepBE,PadlhJnm,OOONKBFackdlh,pCGeB,MG
opENImiNKA,Jn,oABDKpCJmiONJmkc,NJnnoopDJnnnm,LENKABFbhIlfE
LEMIkck,lhLCJmjack,noopDJoAAC,iNLC,kepCI
epDKAACGfDLCIm,LEPPPbhJmiONJ,keAABEPadnmkepD,EOOMIk,iMIkepDMG
lgHgHgGfEN,DJopDK,D,oopDM,hIkd
pDMGfCGfENLCIlgF,gFbiMGfEN,DJoBDL,MG,CGfEOOMHhIl
IjadnnnmjbfE,IkdmiMG,ACHhLDKACHh,opDLC,jadlh
ADJopB,NLF,fCHhJmkcj,gGfEMIlhI,hLDJpBEONKpCIk
pBFbgHiLFPb,MIjafCHhKAAAC,iMGe,CHgGepDKAAACHiLF,bhLDLCIl
LCIkdnlhJnoo,D,DKBDLF,gFbiMIjPb,MIjPaeAABGdoo
BFPbhKACIlhKAABD,ABDMGf,OOM,iLFa,opDJooBDLF
ciOMGepC,hLDJ,BFadmjPaeBENLEPa,kcleBFcjbg,ado
DJpBFbhKABGdlhIl,HiMHhJnnmjbh,miLEN,BFciNK,E
IkdopCI,PbhKACIjadopB,cjP,ciOMHjON,DKBFad
miLFPbhLCIlfBGd,miNLDJoABFbhLDJ,ACGeBFbfEPPackdm,cjPbgFbhJpCIja,CIkcjPbgHhI
iMGfCHgFadmjbfD,BFafCH,KpEMIleBFacj,gFafDJopD,ENJnlg
jadop,Ik,iMGfDKBEN,DKpENK,C
gGfE,IlfDMHh,lfCIl,JmkckclgIjOP,PbfENKCH
FckcleBFadop,F,fCHiNKBEM,jPbgG,pCIkeACHiMI
gHiMHhJopBFbhI,dmiNLENJnnnlfD,CHgGdn,miOMGdmkclfDJoA,Hg
ckb,KBDKCHgGfCJm,bgIjPbhIjbhIk,mkbhLCJnlf,KA
B,Pci,LEONLCI,fCIlfDKBDKACIm,NKBFbhJmkciNL
Jn,lfEPafDJopDMGdo,CHiMIlfEMIkepCHh,kdmiL,NJm
aclfFPbhJmjPP,fDJpCGfFP,iMHhIlfCH,KACImiMFcjad,nnlhIlhKBEPPbgF
iOMIlfEONK,D,HgHiNLF,bhKBGdnm,ckdnlfDJoopDKC
jONL,bhI,cjbfEMIkckdmiN,DLCJnl,HiLEOOOONLCJ
jPbgGfDLFacjacl,CIkbhLDLDLE,adoAAACI,hJmkckdnmiNKCH,NKBFaepCHiNKB
NJo,CGfENJpBFbfENJnl,CIjbgFbfDLC,nmjbf,KA
Ge,ENLCJmkdnlgGdoAB,PPa,lhIkeAAAAA,A
A,A,Hi,FciNJoA,B
aeo,D,AAACJm,biMFckdmkckepE,JoAAACI
fFPcjPPackepEN,CIjbfD,ENKpCJ,mjafCJnmjbhJnmi,GdlhJnm
NLDKBDMHgHgFa,ADJnnlhJmja,nmiMIjbfDL,acj,dnmjPPbiL
MG,opDMGeAABE,PadlhKCH,JoACIlgHgHgG,EPPadoACGfE
LFadopC,nlfEN,oopDM,doAB,LF
gHgGclfEM,jPcjP,dmiONJnnm,clfEPPaeAAABDL,adm
NLFbhIlfDKBDK,ENJnnnlgFcjaeABD,BFadnm,bfDLCIkckeABE,NJmjOOMH
KBEOOONLDLEO,HiMFcjb,GeBEPPackbiM,fDKA,C
gGeB,cjP,eACIleBFc,PbhKBFbiNIlhK,A
D,HhJopEN,ACIkdm,NKpDKADJooACH,FciNLDJoABEN
pDJnoo,CIkdlhJoAACGfCIk,iNKBDLFbhI,eAACJnmjPPbhKA,Hh
CGeBGd,iOLFbiLFafCIlgH,GfCIjbgGfENI,iLENLEONKBFbgHg,clgG
nmiMHiNJmi,NKBDLFad,mjOPPaeABFbiLFa,BDKAABDLCIk,oBDKpDKBENL
MIk,jbfDKBDJpB,bhJ,jbgHiMHiMHgHgGe,BDLEMIleBFbgFcke
CGfFPbgHiONKpCIl,CHgIjadooAB,dmiL,MG,pCHiOMGdnmk
iNKBEPPaeA,Jo,pCJnmleBEPPPbfEN,DKACHi,MGdnmkeo
C,nlhIl,FaeACIjadmjP,admjbhJm,PadnmjadoAAAA
D,DKBFad,hIkbiMHiMIjafC,gFac,fCIjPcjPafCIke
B,MG,AAACHhIlfFa,jadooBDLEO,OMHhJmle
F,fDMGeBGdm,dlhKABEPPPbhJn,iMHgHhJopCJmiOM,jPPci
MGdnlhKA,Ij,bhKCGeBE,admjOOMI,gGeAACHhLDKBDK
D,HhJmkep,Hi,EOOOOM,epCJ
jPbhJnnmjPadmja,CGeBENLEMHi,LDKBEPa,BFadnlhKBFb,FadmjaeAABEN
ABFbhJ,kckdmjbgHhJoAAC,iMIl,BFbfFacjaeB,clgF
gGclfEOOM,dnmj,eBDKACIkd,mkbhLCIkdmiMFck,ACGeBGdlhLD
nopBE,MGdlhIlg,hJmj,dnlfEPPPc,OMGdlhKCHiOMG
nlgHgGclfE,LENKCGe,D,nnooA,F
kdnnooACJm,adopCHhIkdopC,hIkc,cjaepBENLDKCGe,C
gHjO,NJoAACHh,pDJpCG,opENKAABGd,hJnmjOPPPbgFae
D,ABFPbi,Facjaf,Ij,aeoBDLEP
bhJopBFb,HiOMGeABDLFb,IlhJnnoopBFa,kbiMGfBGdn,lgHgFaeACHiMFcj
ciNKBFac,PcjPbgHgHgGeA,F,gGfDJoBDK,D
pCHgH,KCHgFadnnnmk,nlgHhIkepD,opDKC,fCHg
hJnl,LDKBEMIjaeBD,DKBDLE,adopBEOM,dmke
ENJpBEOMGdlhLDJp,Hi,LFbgGdn,fDKCHhLDJpCGfC,lhJnl
FafCGfDLDJoA,E,IlfCHgG,nmkciNLFad,jOONLCIkbiLEPbg
eACI,PbfEPPPbgHgFb,IlhKBENKABFb,JopEMHiLEPad,kclfEMHhLDLDLFa
lfENJoACJn,hJoAAAABENKAAA,Il,BFbhKpDMHhI,epDLDKACIkeBEN
ABEPPa,jPciNJpCIj,doABEOMHh,oopDJ,pCGepDLDLEPadmkd
miNJpCHiMIjaeBF,doopBGclg,gHjO,NLEPbfDL,KB
aep,Hg,hKBE,JnlgHiM,iOMG
CGeAABEPPbf,OMI,gIjafCIjafCHgF,dmiNJopDL,Ij
eADJnnmiL,MG,DKAACGfENKp,Jo,CHhKCHiNKAABFbhJ
miNKAAACHhLCJnl,IjadmiLEONJm,OMIjaeBENKpCI,gHiOMIlfENKpDL,Pci
MGeBDKBF,gGeBFbhJp,Hg,bfD,FafDJn
mjaeAABFaeBEONK,A,F,doopCGeBD,GfDLENJ
kdoABDLDLFadoop,MG,nooABGdnoo,B,ONK
B,Pci,NKpENKCH,MIkdnmleBFciN,EOMHiN
pDKCHh,mjbgG,AAABDLDKCHg,afC,fCHh
mjbfE,HiLEMIj,clgGdmjPa,AABGclgHhJn,fEONJmjOOMGfEN
nlhIk,kdnlfCIjad,lfEPaepDMGepDLE,HiONKAA,Jn
oopENLEPPadlhJn,iNKpDMHgGdlhKBF,eBFPbhKBF,dlhIlgGdm,dnmjOOMHgHiNKA
Ij,bgGdnlfE,MHjOOOON,ENLEON,oBDLF
fFPbhKBFb,KpDJopDKAACH,JmkdopCHgGdm,bgIjaeBDKpDJo,DLCIkcjbgHiMGdoA
B,LE,IlgHgHg,eBDL,Im
NJopBEPPbhLDK,F,dopCIlhJo,B,MG
pBEOMGdnlgG,pCGepBEOONL,acj,ckeABEPaf,Ik
ACIlhKBFack,BDMHhJnoopC,kdnnm,clgHhKBEPaclgG,DKBENLEONJn
gGdmjPPacjbfDL,OMH,NLCIkepDJopBG,miMGdooABF,fCHhLCImi
LFbgGdm,bgIjPPbhLCIkd,mjONLDLCIjPciNL,MF,keBDMGdoAA
Jo,A,F,gFadoACHh,lgGfB
dnnn,hKACHiNKBFadnm,PciNLCIlhKABD,FadopB,ckd
ABDKBFPbgGfCHgGe,C,mkdmk,nmjONLEONK,B
LC,kcjae,A,F,kclfEMHiMI
fCHiMHhJpCHiMH,HiNKACHhJoAB,NJn,gFcjOOMFbiNIlh,nnmke
A,Jm,dnlgGfEOOMHiNJ,jOOOMFcjadnnlgG,nnlfEONLEP
dnnlhKBFc,dmkcjPcjPackdn,opEMIlhIkcjaepCI,afCHjOOOONKpD,ENKADJ
ABFbhIlfDLCIlgGf,NJn,lhKCHgIjPPadnnl,ENKABEMIkep,Hh
lhKBE,afCIjbfF,cjackckdm,admjaclgGfEMI,dopDLDJoopDKCG
DLDKABFbfDK,D,CJnmja,lfEONJmjPb,IleBFckdnnoo
DKBGdnlhJnmkdnmj,PafDJnnm,acjaeABENIlhJ,jbgHgFbfDMHgFck,kepEMHiNLF
cjadnnlgG,BENLEOOOMHg,jbgHg,aeB,ack
nlfEONLENK,DMGclgGclfDLFbhK,E,NLEPadlh,DJopCI
biMGepDLFadoAB,MG,pCHiMIlfEOP,aepDMHfF,cjbfEMIjP
hLDLFbfDK,B,ciO,JmjPPbf,KC
iMIj,adoACHgG,pEOMHhKpDKA,C,nmiNK
Hi,HiMFckd,jadopCGeoBDMHgH,HiMGdopBEPPa,CHhLDJoAADJ
ADJnooAAACIjPbgH,NLEOMHgHhKBFc,bgGepENLENJnm,PPbhJoADJoopC,kdnmi
Jmkckep,Jn,fDJopDKpENJopD,pBEOO,OOOMHiMI
aeADJoBENJmkc,eBDKBDKACGeBDL,NLD,nnnoo,C
fCJn,kciOMGdnmkdmiNK,EMIkepDJnnmiOMIj,fDKCHhIlf,Paf
Ij,admiNJmj,ckepEMIkd,pCHgIjadopDJpCHh,oACGd
oBDMHgHgHhKCHhJo,BDKBDLDLDMHhIkdn,hLDKpDKBDLDKCH,NJnmiNJoABDMH,GeBEMIkdmiNK
DMFciOMHhKABDMGe,D,GdlhKCG,BDKACIlhJmj,cjbgGfDLC
mjPbf,NKB,MF,kdmkcjadlh,AABDKB
MG,EPbgFaeBFcl,DKAACIjPbhJ,lgHgIjaeACHgFcj,hImiNIlhJ
BFackepBFbfENJpC,gHiO,JnmkepE,JoAABDK,Hg
iMGf,NLE,IjbgFck,BDMHgHgHgHh,ACIlhJ
nooABGclgFaeACG,ACHgHhIkckc,NLEOMIjOPPado,CJmjbgFciNKBFbiM,iOMF
kckdoABGdm,LEMIlgFciONKB,bfE,KABFcjb,IlgFbfENLEMI
aepBEPbfENKCG,CGeABEPbfFP,iMGdnmhLD,DKABEO,OMGfCIke
EMHhKCHiOMIkdnnl,DKABDKBDKpE,LEPadoA,Hg,bhK
C,eBDL,NKB,bhI,dmkeoBEMHhKBDK
ENKAAACHhLDLFafC,hLDK,F,dmleBEOOM,iLFa
lgGeABEOOM,epBE,PbgHiMIj,afCGfDLD,nnnnl
KpDKBDKCHiLF,ckeBDMGeA,E,KBFadoA,Hg
clgH,ONKCHgFadnnop,E,MIlhIlfD,opDLD
HgFckck,oBENJnnnmkc,PackepCHhKAAC,nmleB,PPb
IkckeABEOONK,DJooBDKBDLENLCIk,kclgFbhJml,CGeBEMHiNKA,Hg
gGfD,BEPbfE,JnlhJoA,D,DLDLDK
A,Jn,hKCHhLCJnmiMHg,hKpC,mjONL
Jm,PPadoAAACIkdl,KBGdnnnmiMHj,ONLFaeBD,CGfCGf
LC,lgFbh,ABDKpE,KBFaeAD,opDJo
B,NJm,ckciOLFbiLENJm,dopCHiMIkepDJo,B
KA,Gf,MG,CHhKBGdnmiM,fEOO
OMHhLDKA,D,BEPadn,kclfEPPaeBEPPPc,NKAABDLEPafDK
ENLEMIjadmiMHhIm,LDMGfDLFafCIl,GfEPadmkeAAA,E,PbhKCHhK
E,LDKBEOO,HgIjack,nmiNKBENKB,acj
dopENLDLE,IlhImiN,ooBDL,NJm,eBGdmjPPackcke
D,nnmjP,gFackeBEM,kcjPa,ACGfENJpCIk
miMHgFacke,ENJnlgIjadnlfEOO,NImiMIja,ACGepBFbgFa,CIjadmlfBGd
ooBDLEPbgGeAABD,BFPbiM,dnnn,hIlgGfCHhJmjPb,GdnnnnmjbgHh
lhJnn,mjPbhJmkbiMIjPa,kepDJoAACI,hJmkckdnmiLEOM,hKAB
KB,Pcj,adnlfEMH,LFbgGeABDMGfE,LEMIkdm
dopDKAACGeAAAD,nnlfD,pBEON,BFbgFc,fDKBEMIlfEONKB
NLC,jPado,B,bhI,dnnnnnnnmkckcl
HgIjafCIlgGc,gGepCJnlhJpBFa,ACIjadmkdnm,PPafDKpEOMGeA,Ge
C,nlfFP,hKAAACGeA,B,clf
Ik,jbhIleBFcj,hJnlfCIjP,ckckcjadl,KAADJopBENLE
NJpCGfEN,FPciNL,PPb,KBEPbfENLENK,A